{
  "project_info": {
    "project_number": "946522686014",
    "project_id": "project-9fa76",
    "storage_bucket": "project-9fa76.firebasestorage.app"
  },
  "client": [
    {
      "client_info": {
        "mobilesdk_app_id": "1:946522686014:android:a80679b8848e113d64076f",
        "android_client_info": {
          "package_name": "com.example.college_project_management"
        }
      },
      "oauth_client": [],
      "api_key": [
        {
          "current_key": "AIzaSyB8RAN1tAEAI40glBJN1Jv1ZMR_yDBQips"
        }
      ],
      "services": {
        "appinvite_service": {
          "other_platform_oauth_client": []
        }
      }
    }
  ],
  "configuration_version": "1"
}